id,name,department,salary
101,Krishna,IT,93500.00000000001
102,Nandana,HR,65000.0
103,Sakshi,Finance,95000.0
104,Neha,IT,79200.0
105,Anil,Admin,55000.0
106,Priya,IT,108900.00000000001
107,Luna,Finance,88000.0
